title,brand sponsor,description,date,venue,event_type,tags/_text,time,tags/_source,tags,pageUrl,level,theme
Akin Gumpapalooza 2015,Akin Gump,"Please join Akin Gump’s Intellectual Property practice to partake in libations, food and fun featuring a live performance from last year's SXSW Rock Band of the Year Quiet Company!","Monday, March 16",Parkside Restaurant 301 E 6th St,party,party,6:30PM - 9:30PM,/2015/tags/party,http://schedule.sxsw.com/2015/tags/party,http://schedule.sxsw.com/2015/2015/events/event_OE03848,,
Animal Planet's Next Cat Star Party,Animal Planet; AT&T,"Animal Planet & AT&T are on the search to find America’s Next Cat Star. COME TO THE PURRRRTY on Sunday, March 15th at Cedar Street Courtyard where the finalists will be revealed… giving party goers the first chance to vote for America’s Next Cat Star while dancing the night away with Austin’s favorite 80’s band, The Spazmatics #SxCATSTAR.","Sunday, March 15",Cedar Street Courtyard 208 W 4th St,Convergence party,Convergence; party,8:00PM - 2:00AM,/2015/tags/Convergence; /2015/tags/party,http://schedule.sxsw.com/2015/tags/Convergence; http://schedule.sxsw.com/2015/tags/party,http://schedule.sxsw.com/2015/2015/events/event_OE03861,,
The Beatport House,Beatport,"Celebrate the relaunch of Beatport - the home of electronic music - at the intersection of tech and music, featuring DJ sets, backyard chats with industry power players, refreshments, recharging, and more. Daily schedule: btprt.dj/sxsw.","Sunday, March 15",606 East 3rd St 606 East 3rd St,,,12:00PM - 9:00PM,,,http://schedule.sxsw.com/2015/2015/events/event_OE04279,,
The Beatport House,Beatport,"Celebrate the relaunch of Beatport - the home of electronic music - at the intersection of tech and music, featuring DJ sets, backyard chats with industry power players, refreshments, recharging, and more. Daily schedule: btprt.dj/sxsw.","Monday, March 16",606 East 3rd St 606 East 3rd St,,,12:00PM - 9:00PM,,,http://schedule.sxsw.com/2015/2015/events/event_OE04280,,
The Beatport House,Beatport,"Celebrate the relaunch of Beatport - the home of electronic music - at the intersection of tech and music, featuring DJ sets, backyard chats with industry power players, refreshments, recharging, and more. Daily schedule: btprt.dj/sxsw.","Tuesday, March 17",606 East 3rd St 606 East 3rd St,,,12:00PM - 9:00PM,,,http://schedule.sxsw.com/2015/2015/events/event_OE04281,,
Block Party,,"Based on a classic “pub crawl” model, the Block Party gives registrants the opportunity to move between participating exhibitors who will be serving complimentary refreshments and beverages. To add to the fun, each Block Party exhibitor will be a part of our simple “stamp collecting competition, in which registrants visit each booth to be entered in a raffle to win great prizes, including a platinum badge for SXSW 2016.","Tuesday, March 17",Austin Convention Center Exhibit Hall 3/4 Austin Convention Center,SXSW Trade Show,,4:00PM - 6:00PM,,,http://schedule.sxsw.com/2015/2015/events/event_OE04164,,
Bonus Round Closing Party presented by Star Citizen,Star Citizen,"100 percent crowd funded, Star Citizen aims to create a living, breathing science fiction universe with unparalleled immersion... and you’re invited to follow every step of development! More than a space combat sim, more than a first person shooter and more than an MMO: Star Citizen is the First Person Universe that will allow for unlimited gameplay.","Sunday, March 15",Palmer Events Center 900 Barton Springs Rd,Gaming Expo,gaming; expo; party,7:00PM - 10:00PM,/2015/tags/gaming; /2015/tags/expo; /2015/tags/party,http://schedule.sxsw.com/2015/tags/gaming; http://schedule.sxsw.com/2015/tags/expo; http://schedule.sxsw.com/2015/tags/party,http://schedule.sxsw.com/2015/2015/events/event_OE03821,gaming expo party,SXSW Gaming and Create
BreakOut West Interactive Party,,"BreakOut West party for Interactive, Film, and Music badges featuring bands from Western Canada. 4:15pm Megan Lane 5:00pm Samantha Savage Smith 5:45pm Mise en Scene 6:30pm Yukon Blonde","Tuesday, March 17",The Majestic 419-B E 6th St,global connections global,global connections; global,4:00PM - 8:00PM,/2015/tags/global+connections; /2015/tags/global,http://schedule.sxsw.com/2015/tags/global+connections; http://schedule.sxsw.com/2015/tags/global,http://schedule.sxsw.com/2015/2015/events/event_OE03882,,
Business France International Happy Hour,,Join Business France for a happy hour to meet French Tech startups and learn about the thriving tech startup ecosystem in France.,"Sunday, March 15",Hilton Austin Downtown H 500 E 4th St,global global connections,global; global connections,6:00PM - 7:00PM,/2015/tags/global; /2015/tags/global+connections,http://schedule.sxsw.com/2015/tags/global; http://schedule.sxsw.com/2015/tags/global+connections,http://schedule.sxsw.com/2015/2015/events/event_OE04282,,
Cisco’s Mimosas and a Movie: How Wearables Could Power Early Cancer Detection,,"What if one invention could change the fight against breast cancer forever? What if that invention could save one life, or thousands, or the life of someone you know? Take an extraordinary journey into the world of wearables, sensor technology, and a phenomenon called the Internet of Everything, where it’s not just about the devices or the data, but the people they impact. Join Cisco as it hosts the world premiere of the trailer of DETECTED, an upcoming, indie-doc thriller about a revolutionary wearable: a bra designed to detect breast cancer. Could this technology be the secret weapon in the cancer war? DetectedMovie.com","Monday, March 16",Moonshine 303 Red River St,party,party,11:00AM - 1:30PM,/2015/tags/party,http://schedule.sxsw.com/2015/tags/party,http://schedule.sxsw.com/2015/2015/events/event_OE03853,,
Craft-Cocktail Happy Hour Presented by KitchenAid,KitchenAid,Come enjoy free craft cocktails made with KitchenAid® appliances while you vote for the next KitchenAid® Stand Mixer color. You don’t want to miss it!,"Saturday, March 14",Driskill 604 Brazos St,Food and Experiential Dining,SouthBites; Cocktails; Party,6:00PM - 8:00PM,/2015/tags/SouthBites; /2015/tags/Cocktails; /2015/tags/Party,http://schedule.sxsw.com/2015/tags/SouthBites; http://schedule.sxsw.com/2015/tags/Cocktails; http://schedule.sxsw.com/2015/tags/Party,http://schedule.sxsw.com/2015/2015/events/event_OE03675,,SouthBites Cocktails Party
Creative Belfast at SXSW,,"Creative Belfast presents Northern Ireland at SXSW. Belfast City Council's creative industries strategy, Creative Belfast, is designed to support those working in Northern Ireland’s creative sector to achieve their true economic and creative potential.; Join some of NI’s most exciting artists and digital companies at the British Music Embassy (Latitude 30), which will include performances from The Lost Brothers (@thelostbrothers, fresh from a US tour with the Oscar winning songwriter Glen Hansard), More Than Conquerors @mtcofficial, Belfast punk legends Protex and recent CMJ showcasing artists Go Wolf @lovegowolf and a special guest. All SXSW badges & wristbands welcome. http://www.thebritishmusicembassy.com/","Monday, March 16",Latitude 30 512 San Jacinto St,global global connections,global; global connections,7:30PM - 10:00PM,/2015/tags/global; /2015/tags/global+connections,http://schedule.sxsw.com/2015/tags/global; http://schedule.sxsw.com/2015/tags/global+connections,http://schedule.sxsw.com/2015/2015/events/event_OE04363,,
Dailymotion Burger Cookout,Dailymotion,Free burgers and beer for SXSW badge holders.,"Friday, March 13",Bungalow 92 Rainey St,Party Cocktails,Party; Cocktails,8:00PM - 10:00PM,/2015/tags/Party; /2015/tags/Cocktails,http://schedule.sxsw.com/2015/tags/Party; http://schedule.sxsw.com/2015/tags/Cocktails,http://schedule.sxsw.com/2015/2015/events/event_OE03939,,
Dailymotion presents Boiler Room and PC Music,Dailymotion,Boiler Room DJ Showcase set times:; 9:00-9:45 - Spinee 9:45-10:30 - Finn Diesel ~ 10:30 -11:15 - Maxo 11:15-12:00 - A. G. Cook ~ 12:00-12:45 - QT 12:45-1:30 - GFOTY 1:30-END – Spinee,"Sunday, March 15",Bungalow 92 Rainey St,Party,Party,8:00PM - 2:00AM,/2015/tags/Party,http://schedule.sxsw.com/2015/tags/Party,http://schedule.sxsw.com/2015/2015/events/event_OE03942,,
"Dailymotion presents CraveOnline Music Showcase with Marian Hill, Max Frost, and Questlove",Dailymotion,CraveOnline brings their live music series CraveOnstage to Bungalow.; 11pm -- Questlove 10-10:45pm -- Max Frost 9-9:45pm -- Marian Hill,"Saturday, March 14",Bungalow 92 Rainey St,Party,Party,8:00PM - 12:00AM,/2015/tags/Party,http://schedule.sxsw.com/2015/tags/Party,http://schedule.sxsw.com/2015/2015/events/event_OE03941,,
Dailymotion presents Formula Drift Autograph Session,Dailymotion,"Meet Formula Drift driver and Texas’s own Nate Hamilton at the Dailymotion House. Nate will be signing autographs and Formula Drift swag will be given away. Also, get your picture taken in front of a real Formula Drift car.","Sunday, March 15",Bungalow 92 Rainey St,Special Event,Special Event,1:00PM - 2:00PM,/2015/tags/Special+Event,http://schedule.sxsw.com/2015/tags/Special+Event,http://schedule.sxsw.com/2015/2015/events/event_OE03782,,
Dailymotion presents HollyShorts Happy Hour,Dailymotion,Free drinks and short filmmaker meet and greet.,"Saturday, March 14",Bungalow 92 Rainey St,Party Cocktails,Party; Cocktails,4:00PM - 6:00PM,/2015/tags/Party; /2015/tags/Cocktails,http://schedule.sxsw.com/2015/tags/Party; http://schedule.sxsw.com/2015/tags/Cocktails,http://schedule.sxsw.com/2015/2015/events/event_OE03783,,
Dailymotion presents Tasted’s Custom Cocktail Happy Hour,Dailymotion,Free custom cocktails for SXSW badge holders.,"Saturday, March 14",Bungalow 92 Rainey St,Cocktails Party,Cocktails; Party,6:00PM - 8:00PM,/2015/tags/Cocktails; /2015/tags/Party,http://schedule.sxsw.com/2015/tags/Cocktails; http://schedule.sxsw.com/2015/tags/Party,http://schedule.sxsw.com/2015/2015/events/event_OE03940,,
Dailymotion presents Tasted’s Custom Cocktail Happy Hour,Dailymotion,Free custom cocktails for SXSW badge holders.,"Friday, March 13",Bungalow 92 Rainey St,Cocktails Party,Cocktails; Party,6:00PM - 8:00PM,/2015/tags/Cocktails; /2015/tags/Party,http://schedule.sxsw.com/2015/tags/Cocktails; http://schedule.sxsw.com/2015/tags/Party,http://schedule.sxsw.com/2015/2015/events/event_OE04070,,
DAQRI Presents: 4D - The Future of Augmented Reality,DAQRI,"DAQRI, the world’s leading Augmented Reality Products Company, presents “4D in the Future”- a unique SXSW event that will showcase how 4D will enhance the way we work, play, and learn. Join us for drinks, demonstrations, giveaways and more! Request an Invite at Daqri.com/sxsw","Sunday, March 15",The Contemporary Austin - Jones Center 700 Congress Ave,Gaming Expo,Gaming; Party; Technology,4:00PM - 9:00PM,/2015/tags/Gaming; /2015/tags/Party; /2015/tags/Technology,http://schedule.sxsw.com/2015/tags/Gaming; http://schedule.sxsw.com/2015/tags/Party; http://schedule.sxsw.com/2015/tags/Technology,http://schedule.sxsw.com/2015/2015/events/event_OE04034,Gaming Party Technology,SXSW Gaming and Create
Decoded Fashion Kickoff Mixer,,"Our global networking series lands in Austin, join us for a cocktail to kick off SXSW in Decoded Fashion style.","Friday, March 13",JW Marriott Room 213 110 E 2nd St,Party SXStyle Decoded Fashion,Party; SXStyle; Decoded Fashion,5:00PM - 7:00PM,/2015/tags/Party; /2015/tags/SXStyle; /2015/tags/Decoded+Fashion,http://schedule.sxsw.com/2015/tags/Party; http://schedule.sxsw.com/2015/tags/SXStyle; http://schedule.sxsw.com/2015/tags/Decoded+Fashion,http://schedule.sxsw.com/2015/2015/events/event_OE03835,,
Deloitte Happy Hour at the Registrants Lounge,Deloitte,Stop by the SXSW Registrants Lounge for some free drinks and apps with Deloitte during their Happy Hour. sxsw.deloitte.com,"Friday, March 13",Registrants Lounge Neches and 4th St,,,4:00PM - 5:00PM,,,http://schedule.sxsw.com/2015/2015/events/event_OE04218,,
Deluxe Creative Services Celebrates Digital Creativity,Deluxe Creative Services,"Encore, Method, Company 3 and Beast are coming together to host a cocktail reception and celebrate digital creativity at SXSW. Please join us, and raise a glass to honor this year’s festival films.","Monday, March 16",Four Seasons 98 San Jacinto Blvd,Convergence futureoftv Party,Convergence; futureoftv; Party,6:00PM - 8:00AM,/2015/tags/Convergence; /2015/tags/futureoftv; /2015/tags/Party,http://schedule.sxsw.com/2015/tags/Convergence; http://schedule.sxsw.com/2015/tags/futureoftv; http://schedule.sxsw.com/2015/tags/Party,http://schedule.sxsw.com/2015/2015/events/event_OE03784,,
DIRECTV Exclusive Digital Bash,DIRECTV,"Don’t miss the DIRECTV Digital Bash! Indie band Cults from New York are set to perform an exclusive set at Vuka Austin. Enjoy premium cocktails, a lounge space, and pop music that you’ll be singing through the rest of the convention. Remember to join us by day between 10 a.m. – 6 p.m. to receive VIP Premium Access into the concert. Don’t miss out! RSVP HERE: DIRECTV at SXSW #SXSW #TransformTV","Sunday, March 15",VUKA 411 Monroe,Party Cocktails,Party; Cocktails,7:00PM - 10:00PM,/2015/tags/Party; /2015/tags/Cocktails,http://schedule.sxsw.com/2015/tags/Party; http://schedule.sxsw.com/2015/tags/Cocktails,http://schedule.sxsw.com/2015/2015/events/event_OE04226,,
Domain.com and .ME's Brush Square Bash III,domain.com; .ME,"Come treat yourself! Free drinks, free food, free prizes, and free fun! Surprise bands!","Monday, March 16","East Tent, Brush Square Park Neches and 5th St",Party Cocktails,Party; Cocktails,4:00PM - 9:00PM,/2015/tags/Party; /2015/tags/Cocktails,http://schedule.sxsw.com/2015/tags/Party; http://schedule.sxsw.com/2015/tags/Cocktails,http://schedule.sxsw.com/2015/2015/events/event_OE03845,,
Drupal Drop In,Drupal,"This event is open to anyone currently using or interested in Drupal. You can look forward to live music, great food & drink and networking with top innovators that are using Drupal to transform their business.","Saturday, March 14",Maggie Mae's Rooftop 323 E 6th St,party,party,12:00PM - 3:00PM,/2015/tags/party,http://schedule.sxsw.com/2015/tags/party,http://schedule.sxsw.com/2015/2015/events/event_OE03850,,
Emergent Order hosts dProgram SXSW Wrap Party featuring The Octopus Project,Emergent Order,"We’re wrapping up dProgram SXSW with a mega mixer at The Parish on 6th street, featuring Austin’s The Octopus Project. Amazing entertainment, free drinks, big ideas. Not to be missed! Register at http://dprogram.org","Saturday, March 14",Parish 214C E 6th St,Party Cocktails,Party; Cocktails,8:00PM - 2:00AM,/2015/tags/Party; /2015/tags/Cocktails,http://schedule.sxsw.com/2015/tags/Party; http://schedule.sxsw.com/2015/tags/Cocktails,http://schedule.sxsw.com/2015/2015/events/event_OE03857,,
Fox Spy Screening After Party,Fox,"Fullscreen invites you to the SX-""Spy"" experience as we celebrate the premiere of Fox's new movie with top-secret celebrity guests, filmmakers, and special guest DJ, Questlove. Admission not guaranteed.","Sunday, March 15",The Market 319 Colorado St,,,10:00PM - 2:00AM,,,http://schedule.sxsw.com/2015/2015/events/event_OE04254,,
Geeks From Gangnam: Meet Korea's startups and KPOP bands,,"KOREA@SXSW2015 presents with love and swag: the Geeks from Gangnam, a delegate of Korea’s craziest startups and bands from the heart of Seoul, Gangnam. Bring your own swag. More info at http://bit.ly/1FNPMJt","Tuesday, March 17",Brass House 115 San Jacinto St,,,8:00PM - 10:00PM,,,http://schedule.sxsw.com/2015/2015/events/event_OE03969,,
Google Cardboard Party at Google Fiber Space,Google,"Join Google Cardboard for food, drink, and some fun virtual reality experiences. We also have the Birdly simulator ready for you to take flight over San Francisco. Come on by the Google Fiber Space, and take home your very own Google Cardboard.","Friday, March 13",Google Fiber Space 201 Colorado St,,,7:00PM - 11:00PM,,,http://schedule.sxsw.com/2015/2015/events/event_OE04270,,
The GrubHub Snack Attack,GrubHub,"Come get your afternoon grub on and enjoy some free surprise snacks from GrubHub. Plus, swing by for the chance to win Free Lunch for a month!","Sunday, March 15",Driskill Hotel 604 Brazos St,SouthBites,SouthBites,1:30PM - 2:30PM,/2015/tags/SouthBites,http://schedule.sxsw.com/2015/tags/SouthBites,http://schedule.sxsw.com/2015/2015/events/event_OE03885,,
The GrubHub Snack Attack,GrubHub,"Come get your afternoon grub on and enjoy some free surprise snacks from GrubHub. Plus, swing by for the chance to win Free Lunch for a month!","Monday, March 16",Driskill Hotel 604 Brazos St,SouthBites,SouthBites,1:30PM - 2:30PM,/2015/tags/SouthBites,http://schedule.sxsw.com/2015/tags/SouthBites,http://schedule.sxsw.com/2015/2015/events/event_OE03886,,
"The Hangout, sponsored by OneFifty from Time Warner Inc.",Time Warner,"THE PLACE TO BE FOR MULTICULTURALS, BLOGGERS, INFLUENCERS, TECHIES & GENTE WITH GANAS. Join multicultural content creators and all the digital flavor that gets a party started! Featuring Engineer, Professor & DJ, Young Guru.","Sunday, March 15",Crave Restaurant 340 E 2nd St,party networking cocktails,party; networking; cocktails,6:00PM - 9:00PM,/2015/tags/party; /2015/tags/networking; /2015/tags/cocktails,http://schedule.sxsw.com/2015/tags/party; http://schedule.sxsw.com/2015/tags/networking; http://schedule.sxsw.com/2015/tags/cocktails,http://schedule.sxsw.com/2015/2015/events/event_OE03854,,
Happy Hour: presented by Purpose,Purpose,"Join us at the SXSW Social Good Hub for Drinks with Purpose.; Purpose is a revolutionary social business that builds movements driven by people and enabled by technology. Our work includes founding, incubating, and partnering with others to create groundbreaking organizations that use mass participation to tackle complex global challenges – from climate change and LGBT rights to poverty and the humanitarian crisis in Syria. Our Webby, Fast Company Innovation by Design (and other) award-winning work changes public narratives, amplifies media coverage, influences powerbrokers, and moves both supporters and advocates to action.; This event is part of the Social Good Hub Program, learn more at http://sxsw.com/sxgood.","Tuesday, March 17",Trinity Hall 311 E 5th,SXgood,SXgood,6:30PM - 7:30PM,/2015/tags/SXgood,http://schedule.sxsw.com/2015/tags/SXgood,http://schedule.sxsw.com/2015/2015/events/event_OE03700,,
Highball- presented by Technology & Entertainment Industry Groups & Songspace,Songspace,"Please join us for Highball, an official SXSW Interactive day party featuring live music and cocktails presented by Songspace and Bank of America Merrill Lynch Technology & Entertainment Industry Groups.; This is an afternoon hang featuring curated live music, cocktails, and complimentary beverages. INSIDE: Our friends at Electric Western will be bringing their wildy successful Nashville rock and roll dance party to Austin, spinning a hand-selected mix of the most danceable popular and obscure 50s and 60s Rock and Roll, Doo Wop, Girl Groups, and Garage Rock. See why GQ Magazine crowned Electric Western hosts of ""America's Most Stylish Party."" OUTSIDE: Live Music from the best up-and-coming bands of 2015. HOUNDMOUTH - NPR Music Artist to See at SXSW 2015 FUTUREBIRDS - ""A stunning second record"" - Pitchfork MAGIC GIANT - Billboard Magazine 'Artist on the Verge' ANDREW COMBS - NPR Music Artist to See at SXSW 2015 BOOM FOREST - ""Transcendently beautiful.""- Adam Duritz, Counting Crows","Sunday, March 15",Swan Dive 615 Red River St,party cocktails,party; cocktails,4:00PM - 7:00PM,/2015/tags/party; /2015/tags/cocktails,http://schedule.sxsw.com/2015/tags/party; http://schedule.sxsw.com/2015/tags/cocktails,http://schedule.sxsw.com/2015/2015/events/event_OE04162,,
Hotline Miami 2: Wrong Number Launch Party,,"Join us at Empire Control Room & Garage Friday, March 13th to celebrate the launch of our violent little baby, Hotline Miami 2: Wrong Number.; Watch it live on www.twitch.tv/devolverdigital","Friday, March 13",Empire Control Room 606 E 7th St,Gaming Expo,Party; Gaming; Art,8:00PM - 2:00AM,/2015/tags/Party; /2015/tags/Gaming; /2015/tags/Art,http://schedule.sxsw.com/2015/tags/Party; http://schedule.sxsw.com/2015/tags/Gaming; http://schedule.sxsw.com/2015/tags/Art,http://schedule.sxsw.com/2015/2015/events/event_OE04221,Party Gaming Art,SXSW Gaming and Create
IEEE Future of Identity Party,IEEE,"Party like an engineer with IEEE, world-renowned technologists & body computing brainiacs! Join us at The Driskill to experiment with hacking your brain, or drive a bomb squad robot! Open bar available.","Sunday, March 15",Driskill Hotel 604 Brazos St,party Cocktails,party; Cocktails,8:00PM - 10:00PM,/2015/tags/party; /2015/tags/Cocktails,http://schedule.sxsw.com/2015/tags/party; http://schedule.sxsw.com/2015/tags/Cocktails,http://schedule.sxsw.com/2015/2015/events/event_OE03841,,
Innovators+SocialGood,,Join us for the after-party of the third annual social innovators summit focused on bringing the best conversations around impact and social good from around the world and here in Austin.,"Sunday, March 15",Austin City Hall 301 W 2nd St,,,6:00PM - 10:00PM,,,http://schedule.sxsw.com/2015/2015/events/event_OE03852,,
International Startup Happy Hour,,"Come join us for well deserved drinks and apps on March 14 at 6PM at Hilton Salon H before you disappear into the night.; Design Terminal Budapest is hosting a Happy Hour with Parker Thompson, Partner at 500 Startups, Peter Halacsy, Co-Founder and CTO of Prezi, Gyula Feher, Co-Founder and CTO of Ustream and Patrick Vlaskovits, NYT bestselling author of The Lean Entrepreneur.; We’ll shake off a long day with a shot of Hungarian brandy and play around with some awesome new hardware including an automated brewery, remote controlled LEGO® creations and brain sensors provided by a delegation of wicked Budapest-based startups.; The International Startup Happy Hour is the official after party of the Made in Budapest panel featuring Prezi and Ustream at March 14 5-6PM at Hilton Salon K.; See you at 6pm at Hilton Salon H. Cheers!","Saturday, March 14",Hilton Austin Downtown H 500 E 4th St,global connections global,global connections; global,6:00PM - 7:00PM,/2015/tags/global+connections; /2015/tags/global,http://schedule.sxsw.com/2015/tags/global+connections; http://schedule.sxsw.com/2015/tags/global,http://schedule.sxsw.com/2015/2015/events/event_OE03923,,
Inventing to Nowhere Documentary Watch Party,,"Inventing to Nowhere follows the story of two inventors encountering patent legislation that threatens their business. Join us for a watch party with free food, drinks, and a Q&A with key players from the debate and be sure to check out: http://savetheinventor.com/SXSW","Sunday, March 15",Driskill Hotel 604 Brazos St,Party,Party,5:30PM - 12:00AM,/2015/tags/Party,http://schedule.sxsw.com/2015/tags/Party,http://schedule.sxsw.com/2015/2015/events/event_OE03785,,
Ireland @ SXSW 2015,,"Come and celebrate with the Irish at B.D. Riley's.; Meet the delegates as Ireland @ SXSW 2015 rolls into Austin. Network with a group of amazing tech companies and enjoy some food, drinks and music.; #IrelandSXSW","Sunday, March 15",BD Riley's 204 E 6th St,global connections global,global connections; global,5:30PM - 8:00PM,/2015/tags/global+connections; /2015/tags/global,http://schedule.sxsw.com/2015/tags/global+connections; http://schedule.sxsw.com/2015/tags/global,http://schedule.sxsw.com/2015/2015/events/event_OE03725,,
JAPAN DAY @SXSW 2015,,"Celebrate Japan Day with free sushi, sake and live Japanese pop music! Discover new start-ups, new internet radio service, ioT furniture, meet the creative technologist, women entrepreneurs and more! www.japan-day.com","Tuesday, March 17",Highland 404 Colorado St,global global connections,global; global connections,12:00PM - 6:00PM,/2015/tags/global; /2015/tags/global+connections,http://schedule.sxsw.com/2015/tags/global; http://schedule.sxsw.com/2015/tags/global+connections,http://schedule.sxsw.com/2015/2015/events/event_OE04006,,
Japanese Makers & Hardware Party by DMM.make AKIBA,,Kick off SXSW 2015 at DMM.make AKIBA's Party. You can communicate with Japanese Maker and enjoy performance using their Hardware and Technology they have produced. Enjoy the first night of the Trade Show!,"Sunday, March 15",Soho Lounge 217 E 6th St,global connections global,global connections; global,6:00PM - 11:30PM,/2015/tags/global+connections; /2015/tags/global,http://schedule.sxsw.com/2015/tags/global+connections; http://schedule.sxsw.com/2015/tags/global,http://schedule.sxsw.com/2015/2015/events/event_OE03878,,
Japanese Makers & Hardware Party by DMM.make AKIBA,,Kick off SXSW 2015 at DMM.make AKIBA's Party. You can communicate with Japanese Maker and enjoy performance using their Hardware and Technology they have produced. Enjoy the first night of the Trade Show!,"Monday, March 16",Soho Lounge 217 E 6th St,global connections global,global connections; global,6:00PM - 11:30PM,/2015/tags/global+connections; /2015/tags/global,http://schedule.sxsw.com/2015/tags/global+connections; http://schedule.sxsw.com/2015/tags/global,http://schedule.sxsw.com/2015/2015/events/event_OE03920,,
Jash Happy Hour,JASH,Brooklyn meets Austin at the JASH Happy Hour featuring live performances from Reggie Watts and friends Kurt Braunohler & Wyatt Cenac. We will have cocktails and delicious food. JASH Happy Hour: the perfect kick off for your Saturday night,"Saturday, March 14",The Market 319 Colorado St,,,4:00PM - 6:00PM,,,http://schedule.sxsw.com/2015/2015/events/event_OE04252,,
John Mackey Kicks Off dProgram SXSW Launch Party,,"Kickoff Interactive 2015 with exclusive event: John Mackey, co-CEO of Whole Foods Market presents Conscious Capitalism. Celebrate the launch of dProgram SXSW with a party on Austin's famous 6th Street. Register http://dprogram.org","Friday, March 13",Parish 214C E 6th St,Party Cocktails,Party; Cocktails,6:30PM - 12:00AM,/2015/tags/Party; /2015/tags/Cocktails,http://schedule.sxsw.com/2015/tags/Party; http://schedule.sxsw.com/2015/tags/Cocktails,http://schedule.sxsw.com/2015/2015/events/event_OE03844,,
Knight Foundation’s County Fair,Knight Foundation,"Come explore media innovation in a down-home setting! Enjoy snacks, drinks, interactive game & demos of new journalism and civic tech projects. Meet a community that's building solutions to the challenge of informing & engaging communities.","Sunday, March 15",Palm Door on Sixth 508 E 6th St,party,party,12:00PM - 6:00PM,/2015/tags/party,http://schedule.sxsw.com/2015/tags/party,http://schedule.sxsw.com/2015/2015/events/event_OE03851,,
Maker Studios Presents: SUPERFIGHT BY NIGHT,Maker Studios,"Maker brings the card game of absurd arguments and hilarious battles from Skybound Entertainment to SXSW for a first-of-its-kind event featuring the creators of “The Walking Dead.” Music by DJs Amy Pham, A.G. Cook and Sophie. Don’t miss cocktails, giveaways and a SUPERFIGHT BY NIGHT.","Friday, March 13",Holy Mountain 617 E 7th St,,,9:00PM - 2:00AM,,,http://schedule.sxsw.com/2015/2015/events/event_OE04180,,
MashBash,Mashable,"Join Mashable and a few hundred of our closest friends as we drink, dance and celebrate the most ""break the internet""-worthy moments of the year at SXSW's hottest party.","Sunday, March 15",Rattle Inn 610 Nueces St,Party Cocktails,Party; Cocktails,9:00PM - 2:00AM,/2015/tags/Party; /2015/tags/Cocktails,http://schedule.sxsw.com/2015/tags/Party; http://schedule.sxsw.com/2015/tags/Cocktails,http://schedule.sxsw.com/2015/2015/events/event_OE03847,,
McCombs Entrepreneurship Night - SXSW Edition,,"Come meet successful McCombs entrepreneurs from the Texas MBA and MSTC programs and network with Texas MBA and MSTC students and alumni, local entrepreneurs, and other SXSW attendees.","Saturday, March 14",219 West,Startup Village,SUV; Party,5:00PM - 7:00PM,/2015/tags/SUV; /2015/tags/Party,http://schedule.sxsw.com/2015/tags/SUV; http://schedule.sxsw.com/2015/tags/Party,http://schedule.sxsw.com/2015/2015/events/event_OE03839,,SUV Party
Mix at Six Presented by Aurasma,Aurasma,"The ultimate networking mixer serves up food, drinks, business cards and lots of augmented reality fun with Aurasma!","Saturday, March 14","Lanai 422 Congress Ave, Ste C",Party Networking Cocktails,Party; Networking; Cocktails,6:00PM - 8:00PM,/2015/tags/Party; /2015/tags/Networking; /2015/tags/Cocktails,http://schedule.sxsw.com/2015/tags/Party; http://schedule.sxsw.com/2015/tags/Networking; http://schedule.sxsw.com/2015/tags/Cocktails,http://schedule.sxsw.com/2015/2015/events/event_OE03694,,
The Most Graphic Launch Party You'll Ever Attend,StockUnlimited,"Celebrate the launch of StockUnlimited with a graphic evening of drinks, food, music and fun. Have your portrait drawn by our on-site creative artists and mingle with creatives of all stripes, shapes and shades.","Monday, March 16",Hangar Lounge 318 Colorado St,,,8:00PM - 10:00PM,,,http://schedule.sxsw.com/2015/2015/events/event_OE03879,,
(mt) Open House,Media Temple,Enjoy BBQ & cold beers with Media Temple and our creative agency friends while listening to live music by Highly Suspect & Cathedrals. You also just might win VIP tickets to (mt)'s epic SXSWi Closing party at Stubb's.,"Monday, March 16",Rattle Inn 610 Nueces St,Party,Party,12:00PM - 6:00PM,/2015/tags/Party,http://schedule.sxsw.com/2015/tags/Party,http://schedule.sxsw.com/2015/2015/events/event_OE03800,,
MVPindex HAPPY HOUR,,"Join us at the MVPindex Sports Lounge to engage with a platform that measures the real-time digital brand value of more than 25,000 athletes, teams and leagues and learn how top athletes and brands can utilize social media. Complimentary drinks and hors d'oeuvres.","Friday, March 13",Four Seasons Stone's Crossing 98 San Jacinto Blvd,SXsports Convergence,SXsports; Convergence,4:30PM - 6:30PM,/2015/tags/SXsports; /2015/tags/Convergence,http://schedule.sxsw.com/2015/tags/SXsports; http://schedule.sxsw.com/2015/tags/Convergence,http://schedule.sxsw.com/2015/2015/events/event_OE03915,,
MVPindex HAPPY HOUR,,"Join us at the MVPindex Sports Lounge to engage with a platform that measures the real-time digital brand value of more than 25,000 athletes, teams and leagues and learn how top athletes and brands can utilize social media. Complimentary drinks and hors d'oeuvres.","Saturday, March 14",Four Seasons Stone's Crossing 98 San Jacinto Blvd,SXsports Convergence,SXsports; Convergence,4:30PM - 6:30PM,/2015/tags/SXsports; /2015/tags/Convergence,http://schedule.sxsw.com/2015/tags/SXsports; http://schedule.sxsw.com/2015/tags/Convergence,http://schedule.sxsw.com/2015/2015/events/event_OE03917,,
NYLON presents the official closing party for SXstyle,,Join NYLON at the Palm Door on Sabine for the final event of SXstyle. Evening will include live performances and DJ sets from some of NYLON's favorite artists of 2015.,"Tuesday, March 17",Palm Door on Sabine 401 Sabine St,,,8:00PM - 12:00AM,,,http://schedule.sxsw.com/2015/2015/events/event_OE04012,,
Pi Day of the Century with Wolfram,Wolfram,"Celebrate ""Super Pi Moment"" - it happens only once every century - this year, on 3/14/15 at 9:26:53am. Join Wolfram for the countdown, FREE Pi(e), contests, and a special ""selfie station"" to capture the moment.","Saturday, March 14","East Tent, Brush Square Park Neches and 5th St",Party,Party,9:00AM - 11:00AM,/2015/tags/Party,http://schedule.sxsw.com/2015/tags/Party,http://schedule.sxsw.com/2015/2015/events/event_OE03834,,
Rdio Presents at SXSW 2015,Rdio,"Rdio Presents comes to SXSW for the first time with a local heavy lineup including Heartless Bastards, King Tuff, San Fermin, Twilight Sad, Bop English (featuring James Petralli of White Denim), and Quiet Company.","Sunday, March 15",Fair Market 1100 E 5th St,,,7:00PM - 2:00AM,,,http://schedule.sxsw.com/2015/2015/events/event_OE04165,,
Rooster Teeth Bash,Rooster Teeth,"Rooster Teeth takes over the Fullscreen Space with RT personalities, celeb guests, video games and more.","Saturday, March 14",The Market 319 Colorado St,,,9:00PM - 12:00AM,,,http://schedule.sxsw.com/2015/2015/events/event_OE04253,,
Shake That Saas,Zendesk,"Join Zendesk to chill out, drink up, and show us what you're workin' with.","Saturday, March 14",Container Bar 90 Rainey St,Party Cocktails,Party; Cocktails,6:00PM - 11:00PM,/2015/tags/Party; /2015/tags/Cocktails,http://schedule.sxsw.com/2015/tags/Party; http://schedule.sxsw.com/2015/tags/Cocktails,http://schedule.sxsw.com/2015/2015/events/event_OE03843,,
Sneakerheadz SXSW Premiere Party presented by AT&T,AT&T,Join the filmmakers and sneakerheads at the Sneakerheadz SXSW Premiere Party presented by AT&T. Enjoy BBQ and beverages while checking out the Sneakerheadz Exhibit leading up to the 9pm premiere of Sneakerheadz at the Vimeo Theatre.,"Monday, March 16",Wanderlust 206 E 4th St,,,5:30PM - 7:30PM,,,http://schedule.sxsw.com/2015/2015/events/event_OE04268,,
Social Good Hub Afterparty hosted by Global Citizen,Global Citizen,"Celebrate an amazing Social Good Hub with Global Citizen as we paint it black – black light that is. Explore trippy black light art installations and create your own designs – on yourself, your fellow partygoers, and interactive art walls. Art-ready tees and neon markers provided so you can express yourself, all while listening to some very special musical guests.","Tuesday, March 17",Trinity Hall 311 E 5th,Global Impact and Policy,,8:00PM - 11:00PM,,,http://schedule.sxsw.com/2015/2015/events/event_OE03718,,
"SouthBites Presents a Culinary Crossroads with Sean Brock, Nathan Myhrvold and Paul Qui. Hosted by Williams Sonoma",Williams Sonoma,"This intimate, ticketed networking event takes place at Paul Qui's flagship restaurant Qui, featuring a rich menu curated by esteemed and James Beard award winning chefs Sean Brock, Paul Qui, and revered thinker and author of Modernist Cuisine, Nathan Myhrvold.; Who Can Attend: Interactive, Gold and Platinum badges.; When: 7:00pm-10:00pm on Sunday, March 15, 2015.; Where: Qui; Cost: $250. Fees include a seven course meal with wine pairings.; Reserve your spot now by adding on the the dinner feature when you register for a 2015 badge!; To purchase your ticket: Login to cart.sxsw.com. Navigate to your purchase history using the dropdown in the upper right hand corner. Click the ""Get Add Ons"" link next to your purchased badge. Continue through the checkout process.","Sunday, March 15",Qui 1600 E 6th St,SouthBites,SouthBites,7:00PM - 10:00PM,/2015/tags/SouthBites,http://schedule.sxsw.com/2015/tags/SouthBites,http://schedule.sxsw.com/2015/2015/events/event_OE03905,,
The Spotify House,Spotify,"The House is back for another week of stellar live music and good vibes. Drop in for incredible performances by new artists, pedal-pushing workouts from the SoulCycle crew, and a feast of Austin eats.; Check out our full lineup at http://spotifyhouse.com/","Sunday, March 15",Spotify House 901 E 6th St,,,12:00PM - 9:00PM,,,http://schedule.sxsw.com/2015/2015/events/event_OE04040,,
The Spotify House,Spotify,"The House is back for another week of stellar live music and good vibes. Drop in for incredible performances by new artists, pedal-pushing workouts from the SoulCycle crew, and a feast of Austin eats.; Check out our full lineup at http://spotifyhouse.com/","Monday, March 16",Spotify House 901 E 6th St,,,12:00PM - 7:00PM,,,http://schedule.sxsw.com/2015/2015/events/event_OE04043,,
The Spotify House,Spotify,"The House is back for another week of stellar live music and good vibes. Drop in for incredible performances by new artists, pedal-pushing workouts from the SoulCycle crew, and a feast of Austin eats.; Check out our full lineup at http://spotifyhouse.com/","Tuesday, March 17",Spotify House 901 E 6th St,,,12:00PM - 7:00PM,,,http://schedule.sxsw.com/2015/2015/events/event_OE04044,,
A Spotlight on Scotland,,"Join the Scottish delegation at Brush Square Park, West Tent and meet Scotland's innovative companies, try a wee dram of Whisky and listen to some great Scottish Music.","Monday, March 16",Brush Square Park 409 E 5th St,global connections global,global connections; global,5:00PM - 9:00PM,/2015/tags/global+connections; /2015/tags/global,http://schedule.sxsw.com/2015/tags/global+connections; http://schedule.sxsw.com/2015/tags/global,http://schedule.sxsw.com/2015/2015/events/event_OE03863,,
"Spredfast & Viacom Velocity Present, The Social Stage, featuring The Flaming Lips and Future Islands",Spredfast; Viacom,"Spredfast & Viacom Velocity present The Social Stage.; An Official SXSW Interactive Party Featuring The Flaming Lips and Future Islands.; When: Sunday, March 15 | Doors open at 8:30p; Where: ACL Live at Moody Theatre | 310 Willie Nelson Blvd","Sunday, March 15",ACL Live at the Moody Theater 310 W 2nd St,party,party,9:00PM - 12:00AM,/2015/tags/party,http://schedule.sxsw.com/2015/tags/party,http://schedule.sxsw.com/2015/2015/events/event_OE04001,,
StubHub Music Experience,Stubhub,Three days. More than two dozen bands. And an inside look at what's hot at SXSW. Starting on March 17 at Culture Collide on Rainey Street. This is the #StubHubMusic Experience!; 2:00 PM: Irontom 3:00 PM: The Lonely Wild 4:00 PM: The Delta Riggs 5:00 PM: Cathedrals 6:00 PM: Surfer Blood,"Tuesday, March 17",Clive Bar 609 Davis St,,,2:00PM - 7:00PM,,,http://schedule.sxsw.com/2015/2015/events/event_OE04051,,
SXAméricas Opening Party presented by Chile Suena,,"Come and join us at the first official event hosted by Chile and promoted by the National Council for Promotion of Music.; You will meet all the Chilean delegation conformed by Ricardo Lira, Executive Secretary for the National Council for the Promotion of Music; Consuelo Cortez, Juno; Oliver Knust, Discos Río Bueno/IMI Chile; Marcelo Godoy, Discos Tue Tue; Daniel Endrei, Kli Records; Gabriela Retamal, La Tienda Nacional; Juan Ignacio Aguirre-Perocarpi, Nuku Te Mangó; Carla Arias, Quemasucabeza; Jorge Campos, El Templo Rekords; Javiera Tapia, Journalist from POTQ.; And also you will see live music from the far south of América!; Live: • Adelaida • Marineros • Pía Zapata • Safari • La Guacha","Tuesday, March 17",Brush Square Park 409 E 5th St,sxamericas global global connections,sxamericas; global; global connections,4:30PM - 7:00PM,/2015/tags/sxamericas; /2015/tags/global; /2015/tags/global+connections,http://schedule.sxsw.com/2015/tags/sxamericas; http://schedule.sxsw.com/2015/tags/global; http://schedule.sxsw.com/2015/tags/global+connections,http://schedule.sxsw.com/2015/2015/events/event_OE04285,,
SXgood Kickoff Party,,"Come together to celebrate the #SXgood programming at this year’s SXSW by joining partners & supporters for the kickoff party. Mix & mingle with attendees from a range of fields, including social innovation, impact design & cause issues. Meet representatives from various organizations including United Nations Foundation, Beaconfire, +Social Good and Wonderloop. Event entertainment will be provided by Health Alliance for Austin Musicians.","Saturday, March 14",Austin Convention Center Room 8BC Austin Convention Center,Global Impact and Policy,SXgood,6:30PM - 8:30PM,/2015/tags/SXgood,http://schedule.sxsw.com/2015/tags/SXgood,http://schedule.sxsw.com/2015/2015/events/event_OE04054,,SXgood
SXsports Kick-Off Reception Presented by Octagon,,"Join fellow SXsports enthusiasts and Octagon for the SXsports Kick-Off Reception! Food, drink, fun and games await.","Friday, March 13",Half Step 75 1/2 Rainey St,Sports,SXsports; Convergence; Party,6:30PM - 8:30PM,/2015/tags/SXsports; /2015/tags/Convergence; /2015/tags/Party,http://schedule.sxsw.com/2015/tags/SXsports; http://schedule.sxsw.com/2015/tags/Convergence; http://schedule.sxsw.com/2015/tags/Party,http://schedule.sxsw.com/2015/2015/events/event_OE03695,,SXsports Convergence Party
SXsports Overtime Party,,"Celebrate the last few hours of SXsports at the Overtime Party. Meet sports executives and fans while enjoying complimentary beverages at one of Rainey Street’s most popular bars, Clive. Close out the second year of SXsports with a bang!","Sunday, March 15",Clive Bar 609 Davis St,SXsports Convergence Party,SXsports; Convergence; Party,8:00PM - 11:00PM,/2015/tags/SXsports; /2015/tags/Convergence; /2015/tags/Party,http://schedule.sxsw.com/2015/tags/SXsports; http://schedule.sxsw.com/2015/tags/Convergence; http://schedule.sxsw.com/2015/tags/Party,http://schedule.sxsw.com/2015/2015/events/event_OE03692,,
SXsports Selection Sunday Celebration presented by Turner Sports,,Join Turner Sports on Selection Sunday for the unveiling of the 2015 NCAA Tournament bracket. Watch championship action all day and catch the reveal of the bracket live at 5 p.m. Join Rick Fox for on-site analysis with host Matt Winer and Damaris Lewis reporting. Guests will receive expert advice while making their picks and have an opportunity to demo March Madness Live products.,"Sunday, March 15",Champions 300 E 4th St,SXsports Convergence Special event,SXsports; Convergence; Special event,12:00PM - 10:00PM,/2015/tags/SXsports; /2015/tags/Convergence; /2015/tags/Special+event,http://schedule.sxsw.com/2015/tags/SXsports; http://schedule.sxsw.com/2015/tags/Convergence; http://schedule.sxsw.com/2015/tags/Special+event,http://schedule.sxsw.com/2015/2015/events/event_OE03793,,
SXsports Topgolf Challenge,,"Kick off your SXSW experience with the SXsports Golf Challenge at Topgolf! On the Thursday evening before the festival starts, tee off with fellow attendees for a night of competition and fun at the driving range.; Who Can Attend: Film, Interactive, Gold and Platinum badges.; When: 7:00pm-10:00pm on Thursday, March 12, 2015.; Where: Topgolf in north Austin. Transportation to and from the event available for an extra fee.; Cost: $85. Includes golf clubs, two drinks, food, an exclusive gift bag and more.; Reserve your spot now by adding on the SXsports Golf Challenge feature when you register for a 2015 badge!; You can also register by emailing reg@sxsw.com","Thursday, March 12",Topgolf 2700 Esperanza Crossing,SXsports Convergence Party,SXsports; Convergence; Party,7:00PM - 10:00PM,/2015/tags/SXsports; /2015/tags/Convergence; /2015/tags/Party,http://schedule.sxsw.com/2015/tags/SXsports; http://schedule.sxsw.com/2015/tags/Convergence; http://schedule.sxsw.com/2015/tags/Party,http://schedule.sxsw.com/2015/2015/events/event_OE03717,,
SXsports UFC Viewing Party,,UFC hosts an exciting night out at SXsports with an exclusive live event viewing party. Watch Women’s Strawweight champ Carla Esparza and Men’s Lightweight Champ Anthony “Showtime” Pettis defend their titles. Welcome to the Show! Drinks are on us.,"Saturday, March 14",Hilton Austin Downtown Liberty Tavern 500 E 4th St,SXsports Convergence party,SXsports; Convergence; party,9:00PM - 1:00AM,/2015/tags/SXsports; /2015/tags/Convergence; /2015/tags/party,http://schedule.sxsw.com/2015/tags/SXsports; http://schedule.sxsw.com/2015/tags/Convergence; http://schedule.sxsw.com/2015/tags/party,http://schedule.sxsw.com/2015/2015/events/event_OE03794,,
SXSW Accelerator After Awards Party,,All SXSW Accelerator participants and sponsors are invited to party with Dyn at Buffalo Billiards to congratulate the SXSW entrepreneurs! Pick up your drink ticket at our table at the Accelerator or Sunday at Booth 605 in the Trade Show.,"Sunday, March 15",Buffalo Billiards 201 E 6th St,Startup Village,SUV; Party; Cocktails,9:00PM - 11:00PM,/2015/tags/SUV; /2015/tags/Party; /2015/tags/Cocktails,http://schedule.sxsw.com/2015/tags/SUV; http://schedule.sxsw.com/2015/tags/Party; http://schedule.sxsw.com/2015/tags/Cocktails,http://schedule.sxsw.com/2015/2015/events/event_OE03836,,SUV Party Cocktails
SXSW Adventures on the Edge by Deloitte,Deloitte,"Come grab a cocktail, see the latest in digital, and listen to music featuring: The Cathedrals, Buffalo Sunn, The Tontons, and DJ Sean Majors.","Friday, March 13",Maggie Mae's Rooftop 323 E 6th St,,,8:00PM - 12:00AM,,,http://schedule.sxsw.com/2015/2015/events/event_OE04208,,
SXSW Film + Interactive Fusion Party presented by Syfy & Philips,Syfy; Philips,"Experience entertainment in an immersive new way! Get an exclusive look at Syfy’s highly anticipated drama The Expanse, set to a “lighting track” that matches the action on screen with Philips Hue bulbs’ connected lighting experience.","Saturday, March 14",Highland 404 Colorado St,Convergence Party Cocktails,Convergence; Party; Cocktails,7:00PM - 10:00PM,/2015/tags/Convergence; /2015/tags/Party; /2015/tags/Cocktails,http://schedule.sxsw.com/2015/tags/Convergence; http://schedule.sxsw.com/2015/tags/Party; http://schedule.sxsw.com/2015/tags/Cocktails,http://schedule.sxsw.com/2015/2015/events/event_OE03791,,
SXSW Interactive Closing Party Presented by Media Temple,Media Temple,"It's the last hurrah of the festival and we don't do it quietly. Musical performances by TV on the Radio, Ludacris and Z-Trip!","Tuesday, March 17",Stubb's 801 Red River St,Party Cocktails,Party; Cocktails,9:00PM - 1:30AM,/2015/tags/Party; /2015/tags/Cocktails,http://schedule.sxsw.com/2015/tags/Party; http://schedule.sxsw.com/2015/tags/Cocktails,http://schedule.sxsw.com/2015/2015/events/event_OE03696,,
SXSW Interactive Opening Party Presented by Dyn,Dyn,"The party to start them all, the infamous SXSW Interactive Opening Party is a not-to-miss event and the ideal way to get into the SXSW groove. Join us up on the Pool Terrace at the JW!","Friday, March 13",JW Marriott 110 E 2nd St,Party Cocktails,Party; Cocktails,8:00PM - 11:00PM,/2015/tags/Party; /2015/tags/Cocktails,http://schedule.sxsw.com/2015/tags/Party; http://schedule.sxsw.com/2015/tags/Cocktails,http://schedule.sxsw.com/2015/2015/events/event_OE03671,,
TechBreakfast Spectacular 2015,,"TechBreakfast on steroids. 25 demos, 15 Kiosks, and 1,000+ attendees coming to see cool new demos and interactive demos from companies all over the world.","Saturday, March 14",Crave Restaurant 340 E 2nd St,party,party,9:00AM - 1:30PM,/2015/tags/party,http://schedule.sxsw.com/2015/tags/party,http://schedule.sxsw.com/2015/2015/events/event_OE03846,,
"THIS IS OZ – Feat. GusGus, George Maple & Simian Mobile Disco (DJ Set)",,"Calling all creators. Sneak preview of OZ. The global stage offering creators the chance to make a living from day one. From singers to film producers, your channel, your fans, your rules. More at https://www.oz.com/sxsw.","Tuesday, March 17",Palm Door on Sixth 508 E 6th St,,,7:45PM - 12:30AM,,,http://schedule.sxsw.com/2015/2015/events/event_OE04223,,
The Tumblr Fuck Yeah Party sponsored by Entourage,Tumblr; Entourage,"Tumblr will host its annual SXSW FUCK YEAH Party sponsored by Entourage, an epic bash with a stellar music lineup at the beloved Mohawk venue. Open to the public and badge holders, no cover","Monday, March 16",Mohawk 912 Red River St,Party Cocktails,Party; Cocktails,6:30PM - 2:00AM,/2015/tags/Party; /2015/tags/Cocktails,http://schedule.sxsw.com/2015/tags/Party; http://schedule.sxsw.com/2015/tags/Cocktails,http://schedule.sxsw.com/2015/2015/events/event_OE03919,,
Upload/Download Party,Endurance International Group,"Kick off SXSW with Endurance International Group! Join us for an Upload/Download happy hour featuring new mobile products that will help kick start your small business. Come for drinks, food, product demos, great swag and a night of fun!","Friday, March 13",The Majestic 419-B E 6th St,Party Cocktails,Party; Cocktails,5:00PM - 8:00PM,/2015/tags/Party; /2015/tags/Cocktails,http://schedule.sxsw.com/2015/tags/Party; http://schedule.sxsw.com/2015/tags/Cocktails,http://schedule.sxsw.com/2015/2015/events/event_OE03856,,
Urban Airship Mobile Saturday After Party,Urban Airship,The Mobile Saturday after party combines leading edge thinking about mobile and engagement with appetizers and booze. Now that’s innovative! Please join Urban Airship and our distinguished panelists and guests.,"Saturday, March 14",Radisson Town Lake 111 E Cesar Chavez,Party Cocktails,Party; Cocktails,6:00PM - 8:00PM,/2015/tags/Party; /2015/tags/Cocktails,http://schedule.sxsw.com/2015/tags/Party; http://schedule.sxsw.com/2015/tags/Cocktails,http://schedule.sxsw.com/2015/2015/events/event_OE03840,,
We DC Party,,"Meet Washington, DC at SXSW during the We DC Party. Meet and mingle with DC entrepreneurs, artists, officials, business leaders, music enthusiasts, and filmmakers to learn why they love doing what they love in the nation’s capital. Delicious beverages plus tasty treats will be served.","Monday, March 16",Crave Restaurant 340 E 2nd St,,,8:00PM - 12:00AM,,,http://schedule.sxsw.com/2015/2015/events/event_OE04056,,
XPRIZE and Blue State Digital Host the Social Good Hub Opening Party,Xprize; Blue State Digital,"Come celebrate the LAST NIGHT ON EARTH with XPRIZE and Blue State Digital before humanity blasts off to inhabit the Moon. With the help of RavenChase Adventures and Contest Factory, we will put your mind to the test to see if you have what it takes to secure a seat on the shuttle #ToTheMoon.; RSVP: lastnightonearth.eventbrite.com","Monday, March 16",Trinity Hall 311 E 5th,SXgood,SXgood,7:00PM - 10:00PM,/2015/tags/SXgood,http://schedule.sxsw.com/2015/tags/SXgood,http://schedule.sxsw.com/2015/2015/events/event_OE03689,,